id,eixo,etapa,relevância correta,acerto conjunto,abstenção,referência tudo irrelevante
10,economic,eixos_jev,True,False,False,False
10,economic,eixos,True,True,False,False
10,diplomatic,eixos_jev,True,True,False,True
10,diplomatic,eixos,True,True,False,True
10,state,eixos_jev,True,True,False,True
10,state,eixos,True,True,False,True
10,society,eixos_jev,True,True,False,False
10,society,eixos,False,False,False,False
21,economic,eixos_jev,True,True,False,True
21,economic,eixos,True,True,False,True
21,diplomatic,eixos_jev,True,True,False,False
21,diplomatic,eixos,True,True,False,False
21,state,eixos_jev,True,True,False,True
21,state,eixos,True,True,False,True
21,society,eixos_jev,False,False,False,True
21,society,eixos,True,True,False,True
55,economic,eixos_jev,True,True,False,True
55,economic,eixos,True,True,False,True
55,diplomatic,eixos_jev,True,True,False,True
55,diplomatic,eixos,True,True,False,True
55,state,eixos_jev,True,True,False,False
55,state,eixos,True,True,False,False
55,society,eixos_jev,True,True,False,False
55,society,eixos,True,True,False,False
56,economic,eixos_jev,True,True,False,True
56,economic,eixos,True,True,False,True
56,diplomatic,eixos_jev,True,True,False,True
56,diplomatic,eixos,True,True,False,True
56,state,eixos_jev,True,True,False,False
56,state,eixos,True,True,False,False
56,society,eixos_jev,True,True,False,False
56,society,eixos,True,True,False,False
59,economic,eixos_jev,True,True,False,True
59,economic,eixos,True,True,False,True
59,diplomatic,eixos_jev,False,False,False,True
59,diplomatic,eixos,False,False,False,True
59,state,eixos_jev,False,False,False,False
59,state,eixos,False,False,False,False
59,society,eixos_jev,True,True,False,False
59,society,eixos,True,True,False,False
62,economic,eixos_jev,True,True,False,False
62,economic,eixos,True,True,False,False
62,diplomatic,eixos_jev,True,True,False,True
62,diplomatic,eixos,True,True,False,True
62,state,eixos_jev,True,True,False,True
62,state,eixos,True,True,False,True
62,society,eixos_jev,False,False,False,True
62,society,eixos,True,True,False,True
66,economic,eixos_jev,True,True,False,True
66,economic,eixos,True,True,False,True
66,diplomatic,eixos_jev,True,True,False,True
66,diplomatic,eixos,True,True,False,True
66,state,eixos_jev,True,True,False,True
66,state,eixos,True,True,False,True
66,society,eixos_jev,True,False,False,False
66,society,eixos,False,False,False,False
68,economic,eixos_jev,True,True,False,True
68,economic,eixos,True,True,False,True
68,diplomatic,eixos_jev,True,False,False,False
68,diplomatic,eixos,True,True,False,False
68,state,eixos_jev,True,True,False,True
68,state,eixos,True,True,False,True
68,society,eixos_jev,True,True,False,True
68,society,eixos,True,True,False,True
