eixo,etapa,esperado,previsto,frase,acerto exato,sem nível,erro absoluto
economic,eixos_jev,-2,-2.0,"Todas as empresas estatais serão vendidas, e saúde, educação e previdência passarão a ser oferecidas por empresas privadas, com forte redução de impostos.",True,False,0.0
economic,eixos,-2,-2.0,"Todas as empresas estatais serão vendidas, e saúde, educação e previdência passarão a ser oferecidas por empresas privadas, com forte redução de impostos.",True,False,0.0
economic,eixos_jev,-2,-2.0,"O governo deixará de intervir na economia: a maior parte das regras sobre preços, salários e contratos será eliminada e a carga tributária cairá pela metade.",True,False,0.0
economic,eixos,-2,-2.0,"O governo deixará de intervir na economia: a maior parte das regras sobre preços, salários e contratos será eliminada e a carga tributária cairá pela metade.",True,False,0.0
economic,eixos_jev,-1,-1.0,"A administração de alguns aeroportos será concedida à iniciativa privada, e o número de tributos sobre o consumo será reduzido de cinco para dois.",True,False,0.0
economic,eixos,-1,-1.0,"A administração de alguns aeroportos será concedida à iniciativa privada, e o número de tributos sobre o consumo será reduzido de cinco para dois.",True,False,0.0
economic,eixos_jev,-1,-1.0,"O orçamento federal terá um limite de crescimento, e os encargos sobre a folha de pagamento cairão gradualmente nos próximos quatro anos.",True,False,0.0
economic,eixos,-1,-1.0,"O orçamento federal terá um limite de crescimento, e os encargos sobre a folha de pagamento cairão gradualmente nos próximos quatro anos.",True,False,0.0
economic,eixos_jev,0,,"Segundo dados oficiais, a taxa de desemprego caiu de 9% para 7% entre 2023 e 2025.",True,True,
economic,eixos,0,,"Segundo dados oficiais, a taxa de desemprego caiu de 9% para 7% entre 2023 e 2025.",True,True,
economic,eixos_jev,0,,Este capítulo apresenta a evolução da dívida pública e da arrecadação federal na última década.,True,True,
economic,eixos,0,,Este capítulo apresenta a evolução da dívida pública e da arrecadação federal na última década.,True,True,
economic,eixos_jev,1,1.0,"O benefício pago às famílias de baixa renda será reajustado acima da inflação, e será criada uma alíquota adicional de imposto de renda para salários muito altos.",True,False,0.0
economic,eixos,1,1.0,"O benefício pago às famílias de baixa renda será reajustado acima da inflação, e será criada uma alíquota adicional de imposto de renda para salários muito altos.",True,False,0.0
economic,eixos_jev,1,1.0,Serão contratados mais fiscais do trabalho e abertas novas unidades públicas de saúde nas regiões de menor renda.,True,False,0.0
economic,eixos,1,1.0,Serão contratados mais fiscais do trabalho e abertas novas unidades públicas de saúde nas regiões de menor renda.,True,False,0.0
economic,eixos_jev,2,2.0,"Bancos, mineradoras e empresas de energia passarão ao controle público, e grandes fortunas e heranças serão taxadas para financiar uma redistribuição ampla da riqueza.",True,False,0.0
economic,eixos,2,2.0,"Bancos, mineradoras e empresas de energia passarão ao controle público, e grandes fortunas e heranças serão taxadas para financiar uma redistribuição ampla da riqueza.",True,False,0.0
economic,eixos_jev,2,2.0,"A produção dos setores estratégicos será planejada pelo Estado, e terras improdutivas serão desapropriadas e redistribuídas em larga escala.",True,False,0.0
economic,eixos,2,2.0,"A produção dos setores estratégicos será planejada pelo Estado, e terras improdutivas serão desapropriadas e redistribuídas em larga escala.",True,False,0.0
diplomatic,eixos_jev,-2,-2.0,O país deixará as organizações internacionais que limitam suas decisões e dobrará o orçamento militar para impor seus interesses na região.,True,False,0.0
diplomatic,eixos,-2,-2.0,O país deixará as organizações internacionais que limitam suas decisões e dobrará o orçamento militar para impor seus interesses na região.,True,False,0.0
diplomatic,eixos_jev,-2,-2.0,"Nenhum tratado internacional terá validade se contrariar a vontade do governo nacional, e as Forças Armadas estarão prontas para agir além das fronteiras.",True,False,0.0
diplomatic,eixos,-2,-2.0,"Nenhum tratado internacional terá validade se contrariar a vontade do governo nacional, e as Forças Armadas estarão prontas para agir além das fronteiras.",True,False,0.0
diplomatic,eixos_jev,-1,-1.0,"O acordo comercial com o bloco europeu será renegociado para proteger a indústria nacional, e os equipamentos das Forças Armadas serão modernizados.",True,False,0.0
diplomatic,eixos,-1,-1.0,"O acordo comercial com o bloco europeu será renegociado para proteger a indústria nacional, e os equipamentos das Forças Armadas serão modernizados.",True,False,0.0
diplomatic,eixos_jev,-1,-1.0,"As decisões sobre a exploração de recursos naturais na fronteira caberão exclusivamente ao governo nacional, sem consulta a organismos estrangeiros.",True,False,0.0
diplomatic,eixos,-1,-2.0,"As decisões sobre a exploração de recursos naturais na fronteira caberão exclusivamente ao governo nacional, sem consulta a organismos estrangeiros.",False,False,1.0
diplomatic,eixos_jev,0,0.0,O país mantém embaixadas em mais de 130 países.,True,False,0.0
diplomatic,eixos,0,,O país mantém embaixadas em mais de 130 países.,True,True,
diplomatic,eixos_jev,0,,A seção descreve a balança comercial e os principais parceiros comerciais do país em 2025.,True,True,
diplomatic,eixos,0,,A seção descreve a balança comercial e os principais parceiros comerciais do país em 2025.,True,True,
diplomatic,eixos_jev,1,1.0,O país aderirá ao novo acordo multilateral sobre emissões e ampliará a cooperação técnica com os países vizinhos.,True,False,0.0
diplomatic,eixos,1,1.0,O país aderirá ao novo acordo multilateral sobre emissões e ampliará a cooperação técnica com os países vizinhos.,True,False,0.0
diplomatic,eixos_jev,1,1.0,"Diante de conflitos internacionais, o governo priorizará a mediação diplomática e apoiará as missões de paz das Nações Unidas.",True,False,0.0
diplomatic,eixos,1,1.0,"Diante de conflitos internacionais, o governo priorizará a mediação diplomática e apoiará as missões de paz das Nações Unidas.",True,False,0.0
diplomatic,eixos_jev,2,2.0,"Propomos criar um parlamento e uma moeda comuns aos países da região, com decisões acima das leis nacionais.",True,False,0.0
diplomatic,eixos,2,2.0,"Propomos criar um parlamento e uma moeda comuns aos países da região, com decisões acima das leis nacionais.",True,False,0.0
diplomatic,eixos_jev,2,2.0,"As Forças Armadas serão reduzidas progressivamente, e a segurança do país passará a depender de um sistema internacional de defesa coletiva.",True,False,0.0
diplomatic,eixos,2,2.0,"As Forças Armadas serão reduzidas progressivamente, e a segurança do país passará a depender de um sistema internacional de defesa coletiva.",True,False,0.0
state,eixos_jev,-2,-2.0,O presidente poderá suspender partidos de oposição e fechar veículos de imprensa considerados uma ameaça à ordem pública.,True,False,0.0
state,eixos,-2,-2.0,O presidente poderá suspender partidos de oposição e fechar veículos de imprensa considerados uma ameaça à ordem pública.,True,False,0.0
state,eixos_jev,-2,-2.0,"Todas as comunicações pela internet serão monitoradas pelo governo, e manifestações de rua dependerão de autorização prévia.",True,False,0.0
state,eixos,-2,-2.0,"Todas as comunicações pela internet serão monitoradas pelo governo, e manifestações de rua dependerão de autorização prévia.",True,False,0.0
state,eixos_jev,-1,-1.0,"O efetivo da polícia será ampliado em 20%, e as penas para roubo e homicídio serão aumentadas.",True,False,0.0
state,eixos,-1,-1.0,"O efetivo da polícia será ampliado em 20%, e as penas para roubo e homicídio serão aumentadas.",True,False,0.0
state,eixos_jev,-1,-1.0,As autoridades poderão decretar prisão preventiva em mais situações e instalar câmeras de reconhecimento facial nas estações de transporte.,True,False,0.0
state,eixos,-1,-1.0,As autoridades poderão decretar prisão preventiva em mais situações e instalar câmeras de reconhecimento facial nas estações de transporte.,True,False,0.0
state,eixos_jev,0,,"Segundo o anuário de segurança pública, o número de homicídios caiu 6% em 2025.",True,True,
state,eixos,0,,"Segundo o anuário de segurança pública, o número de homicídios caiu 6% em 2025.",True,True,
state,eixos_jev,0,,"O capítulo descreve a organização atual dos tribunais, das polícias e das defensorias públicas.",True,True,
state,eixos,0,,"O capítulo descreve a organização atual dos tribunais, das polícias e das defensorias públicas.",True,True,
state,eixos_jev,1,1.0,"Os dados de gastos públicos serão publicados em tempo real, e a Defensoria Pública terá mais recursos para garantir a defesa dos acusados.",True,False,0.0
state,eixos,1,1.0,"Os dados de gastos públicos serão publicados em tempo real, e a Defensoria Pública terá mais recursos para garantir a defesa dos acusados.",True,False,0.0
state,eixos_jev,1,1.0,"O uso de dados pessoais por órgãos públicos dependerá de autorização judicial, e os conselhos municipais terão participação popular ampliada.",True,False,0.0
state,eixos,1,1.0,"O uso de dados pessoais por órgãos públicos dependerá de autorização judicial, e os conselhos municipais terão participação popular ampliada.",True,False,0.0
state,eixos_jev,2,2.0,"O porte de drogas para consumo pessoal e outras condutas individuais deixarão de ser crime, e os poderes de vigilância da polícia serão drasticamente reduzidos.",True,False,0.0
state,eixos,2,2.0,"O porte de drogas para consumo pessoal e outras condutas individuais deixarão de ser crime, e os poderes de vigilância da polícia serão drasticamente reduzidos.",True,False,0.0
state,eixos_jev,2,2.0,"A maior parte das decisões políticas passará a assembleias locais, e todos os órgãos estatais de monitoramento e de censura serão extintos.",True,False,0.0
state,eixos,2,2.0,"A maior parte das decisões políticas passará a assembleias locais, e todos os órgãos estatais de monitoramento e de censura serão extintos.",True,False,0.0
society,eixos_jev,-2,-2.0,"As políticas públicas de educação, saúde e cultura deverão seguir os princípios morais da religião majoritária e o modelo tradicional de família.",True,False,0.0
society,eixos,-2,-2.0,"As políticas públicas de educação, saúde e cultura deverão seguir os princípios morais da religião majoritária e o modelo tradicional de família.",True,False,0.0
society,eixos_jev,-2,-2.0,"As leis aprovadas nas últimas décadas que mudaram os costumes serão revogadas, restaurando as normas morais anteriores.",True,False,0.0
society,eixos,-2,-2.0,"As leis aprovadas nas últimas décadas que mudaram os costumes serão revogadas, restaurando as normas morais anteriores.",True,False,0.0
society,eixos_jev,-1,-1.0,"As festas e tradições religiosas locais receberão apoio público, e mudanças no conteúdo escolar sobre valores só ocorrerão após consulta às famílias.",True,False,0.0
society,eixos,-1,-1.0,"As festas e tradições religiosas locais receberão apoio público, e mudanças no conteúdo escolar sobre valores só ocorrerão após consulta às famílias.",True,False,0.0
society,eixos_jev,-1,-1.0,Mudanças nas regras sobre casamento e família só serão feitas de forma gradual e após amplo debate na sociedade.,True,False,0.0
society,eixos,-1,-1.0,Mudanças nas regras sobre casamento e família só serão feitas de forma gradual e após amplo debate na sociedade.,True,False,0.0
society,eixos_jev,0,,Os dados do censo mostram que o número médio de pessoas por domicílio diminuiu na última década.,True,True,
society,eixos,0,,Os dados do censo mostram que o número médio de pessoas por domicílio diminuiu na última década.,True,True,
society,eixos_jev,0,0.0,Serão construídas 300 escolas técnicas e instalados laboratórios de ciências nas escolas públicas.,True,False,0.0
society,eixos,0,0.0,Serão construídas 300 escolas técnicas e instalados laboratórios de ciências nas escolas públicas.,True,False,0.0
society,eixos_jev,1,1.0,"Será criada uma política de combate à discriminação no mercado de trabalho, e a licença parental passará a valer também para os pais.",True,False,0.0
society,eixos,1,1.0,"Será criada uma política de combate à discriminação no mercado de trabalho, e a licença parental passará a valer também para os pais.",True,False,0.0
society,eixos_jev,1,1.0,O currículo escolar passará a incluir conteúdos sobre a diversidade de arranjos familiares existentes no país.,True,False,0.0
society,eixos,1,1.0,O currículo escolar passará a incluir conteúdos sobre a diversidade de arranjos familiares existentes no país.,True,False,0.0
society,eixos_jev,2,2.0,Propomos uma ampla reforma das instituições sociais para eliminar os papéis de gênero e a influência religiosa sobre a vida pública.,True,False,0.0
society,eixos,2,2.0,Propomos uma ampla reforma das instituições sociais para eliminar os papéis de gênero e a influência religiosa sobre a vida pública.,True,False,0.0
society,eixos_jev,2,2.0,Todas as normas sociais herdadas serão revistas para dar lugar a novas formas de organização da vida em comum.,True,False,0.0
society,eixos,2,2.0,Todas as normas sociais herdadas serão revistas para dar lugar a novas formas de organização da vida em comum.,True,False,0.0
