item,eixo,B_para_A,A_para_B,delta,inverteu direção
q01,economic,0,0,0,False
q01,diplomatic,0,0,0,False
q01,state,0,0,0,False
q01,society,0,0,0,False
q02,economic,1,0,-1,False
q02,diplomatic,0,0,0,False
q02,state,-1,-1,0,False
q02,society,0,0,0,False
q03,economic,-2,-2,0,False
q03,diplomatic,0,0,0,False
q03,state,2,2,0,False
q03,society,0,0,0,False
q04,economic,-1,-1,0,False
q04,diplomatic,0,0,0,False
q04,state,0,0,0,False
q04,society,0,0,0,False
q05,economic,1,1,0,False
q05,diplomatic,0,0,0,False
q05,state,0,0,0,False
q05,society,0,0,0,False
q06,economic,0,0,0,False
q06,diplomatic,-1,-1,0,False
q06,state,0,0,0,False
q06,society,0,0,0,False
q07,economic,2,2,0,False
q07,diplomatic,0,0,0,False
q07,state,0,0,0,False
q07,society,0,0,0,False
q08,economic,-2,-2,0,False
q08,diplomatic,0,0,0,False
q08,state,2,2,0,False
q08,society,2,2,0,False
q09,economic,1,1,0,False
q09,diplomatic,0,0,0,False
q09,state,0,0,0,False
q09,society,1,1,0,False
q10,economic,0,0,0,False
q10,diplomatic,0,0,0,False
q10,state,0,0,0,False
q10,society,-1,-1,0,False
q11,economic,1,1,0,False
q11,diplomatic,0,0,0,False
q11,state,0,0,0,False
q11,society,0,0,0,False
q12,economic,-2,-2,0,False
q12,diplomatic,0,0,0,False
q12,state,0,2,2,False
q12,society,0,0,0,False
q13,economic,-1,-1,0,False
q13,diplomatic,0,0,0,False
q13,state,0,0,0,False
q13,society,0,0,0,False
q14,economic,0,0,0,False
q14,diplomatic,0,0,0,False
q14,state,0,0,0,False
q14,society,0,0,0,False
q15,economic,2,2,0,False
q15,diplomatic,0,0,0,False
q15,state,0,0,0,False
q15,society,2,2,0,False
q16,economic,0,0,0,False
q16,diplomatic,-2,-2,0,False
q16,state,0,0,0,False
q16,society,2,2,0,False
q17,economic,0,0,0,False
q17,diplomatic,-1,-1,0,False
q17,state,-1,-1,0,False
q17,society,0,0,0,False
q18,economic,0,0,0,False
q18,diplomatic,1,1,0,False
q18,state,0,0,0,False
q18,society,0,0,0,False
q19,economic,0,0,0,False
q19,diplomatic,-1,-1,0,False
q19,state,0,0,0,False
q19,society,0,0,0,False
q20,economic,0,0,0,False
q20,diplomatic,2,2,0,False
q20,state,-2,-2,0,False
q20,society,2,2,0,False
q21,economic,0,0,0,False
q21,diplomatic,1,1,0,False
q21,state,0,0,0,False
q21,society,0,0,0,False
q22,economic,0,0,0,False
q22,diplomatic,-2,-2,0,False
q22,state,0,0,0,False
q22,society,0,0,0,False
q23,economic,0,0,0,False
q23,diplomatic,0,0,0,False
q23,state,0,0,0,False
q23,society,0,0,0,False
q24,economic,-1,-1,0,False
q24,diplomatic,-1,-1,0,False
q24,state,0,0,0,False
q24,society,0,0,0,False
q25,economic,0,0,0,False
q25,diplomatic,0,0,0,False
q25,state,0,0,0,False
q25,society,0,0,0,False
q26,economic,0,0,0,False
q26,diplomatic,1,1,0,False
q26,state,0,0,0,False
q26,society,0,0,0,False
q27,economic,0,0,0,False
q27,diplomatic,1,1,0,False
q27,state,0,0,0,False
q27,society,0,0,0,False
q28,economic,0,0,0,False
q28,diplomatic,0,0,0,False
q28,state,0,0,0,False
q28,society,0,0,0,False
q29,economic,0,0,0,False
q29,diplomatic,0,0,0,False
q29,state,0,0,0,False
q29,society,-2,-2,0,False
q30,economic,0,0,0,False
q30,diplomatic,0,0,0,False
q30,state,0,0,0,False
q30,society,0,0,0,False
q31,economic,0,0,0,False
q31,diplomatic,0,0,0,False
q31,state,0,0,0,False
q31,society,0,-1,-1,False
q32,economic,0,0,0,False
q32,diplomatic,0,0,0,False
q32,state,0,0,0,False
q32,society,0,0,0,False
q33,economic,0,0,0,False
q33,diplomatic,0,0,0,False
q33,state,1,1,0,False
q33,society,1,1,0,False
q34,economic,0,0,0,False
q34,diplomatic,0,0,0,False
q34,state,-1,-1,0,False
q34,society,0,0,0,False
q35,economic,0,0,0,False
q35,diplomatic,0,0,0,False
q35,state,-1,-1,0,False
q35,society,0,0,0,False
q36,economic,-2,-2,0,False
q36,diplomatic,0,0,0,False
q36,state,2,2,0,False
q36,society,2,2,0,False
q37,economic,0,0,0,False
q37,diplomatic,-1,-1,0,False
q37,state,0,0,0,False
q37,society,0,0,0,False
q38,economic,0,0,0,False
q38,diplomatic,0,0,0,False
q38,state,2,2,0,False
q38,society,2,2,0,False
q39,economic,0,0,0,False
q39,diplomatic,0,0,0,False
q39,state,-2,-2,0,False
q39,society,-1,-1,0,False
q40,economic,0,0,0,False
q40,diplomatic,0,0,0,False
q40,state,0,0,0,False
q40,society,0,0,0,False
q41,economic,0,0,0,False
q41,diplomatic,0,0,0,False
q41,state,-2,-2,0,False
q41,society,0,0,0,False
q42,economic,0,0,0,False
q42,diplomatic,0,0,0,False
q42,state,0,0,0,False
q42,society,0,0,0,False
q43,economic,0,0,0,False
q43,diplomatic,0,0,0,False
q43,state,0,0,0,False
q43,society,0,0,0,False
q44,economic,0,0,0,False
q44,diplomatic,0,0,0,False
q44,state,0,0,0,False
q44,society,0,0,0,False
q45,economic,0,0,0,False
q45,diplomatic,0,0,0,False
q45,state,0,0,0,False
q45,society,-1,-1,0,False
q46,economic,0,0,0,False
q46,diplomatic,0,0,0,False
q46,state,0,0,0,False
q46,society,2,2,0,False
q47,economic,0,0,0,False
q47,diplomatic,0,0,0,False
q47,state,0,0,0,False
q47,society,-1,-1,0,False
q48,economic,1,1,0,False
q48,diplomatic,0,0,0,False
q48,society,1,1,0,False
q49,economic,0,0,0,False
q49,diplomatic,0,0,0,False
q49,state,0,0,0,False
q49,society,0,0,0,False
q50,economic,0,0,0,False
q50,diplomatic,1,1,0,False
q50,state,0,0,0,False
q50,society,0,0,0,False
q51,economic,0,0,0,False
q51,diplomatic,0,0,0,False
q51,state,0,0,0,False
q51,society,-1,-1,0,False
q52,economic,0,0,0,False
q52,diplomatic,0,0,0,False
q52,state,0,0,0,False
q52,society,-1,-1,0,False
q53,economic,0,0,0,False
q53,diplomatic,0,0,0,False
q53,state,0,0,0,False
q53,society,0,0,0,False
q54,economic,0,0,0,False
q54,diplomatic,0,0,0,False
q54,state,0,0,0,False
q54,society,2,2,0,False
q55,economic,0,0,0,False
q55,diplomatic,0,0,0,False
q55,state,2,2,0,False
q55,society,1,1,0,False
q56,economic,0,0,0,False
q56,diplomatic,0,0,0,False
q56,state,1,1,0,False
q56,society,1,1,0,False
q57,economic,0,0,0,False
q57,diplomatic,0,0,0,False
q57,state,0,0,0,False
q57,society,0,0,0,False
q58,economic,0,0,0,False
q58,diplomatic,0,0,0,False
q58,state,0,0,0,False
q58,society,-1,-1,0,False
q59,economic,0,0,0,False
q59,diplomatic,0,0,0,False
q59,state,0,0,0,False
q59,society,-1,-1,0,False
q60,economic,0,0,0,False
q60,diplomatic,0,0,0,False
q60,state,-1,-1,0,False
q60,society,-2,-2,0,False
q61,economic,0,0,0,False
q61,diplomatic,0,0,0,False
q61,state,-1,-1,0,False
q61,society,0,1,1,False
q62,economic,2,1,-1,False
q62,diplomatic,0,0,0,False
q62,state,0,0,0,False
q62,society,1,1,0,False
q63,economic,0,0,0,False
q63,diplomatic,0,0,0,False
q63,state,-1,-1,0,False
q63,society,-1,-1,0,False
q64,economic,0,0,0,False
q64,diplomatic,0,0,0,False
q64,state,0,0,0,False
q64,society,-1,-1,0,False
q65,economic,0,0,0,False
q65,diplomatic,0,0,0,False
q65,state,0,0,0,False
q65,society,-1,0,1,False
q66,economic,0,0,0,False
q66,diplomatic,0,0,0,False
q66,state,0,0,0,False
q66,society,0,0,0,False
q67,economic,0,0,0,False
q67,diplomatic,1,1,0,False
q67,state,1,1,0,False
q67,society,1,1,0,False
q68,economic,0,0,0,False
q68,diplomatic,0,0,0,False
q68,state,0,0,0,False
q68,society,0,0,0,False
q69,economic,0,0,0,False
q69,diplomatic,0,0,0,False
q69,state,0,0,0,False
q69,society,1,1,0,False
q70,economic,0,0,0,False
q70,diplomatic,-2,-2,0,False
q70,state,0,0,0,False
q70,society,0,0,0,False
e00,economic,-2,-2,0,False
e00,diplomatic,0,0,0,False
e00,state,0,0,0,False
e00,society,2,2,0,False
e01,economic,-2,-2,0,False
e01,diplomatic,0,0,0,False
e01,state,2,2,0,False
e01,society,0,0,0,False
e02,economic,-1,-1,0,False
e02,diplomatic,0,0,0,False
e02,state,0,0,0,False
e02,society,0,0,0,False
e03,economic,-1,-1,0,False
e03,diplomatic,0,0,0,False
e03,state,0,0,0,False
e03,society,0,0,0,False
e04,economic,0,0,0,False
e04,diplomatic,0,0,0,False
e04,state,0,0,0,False
e04,society,0,0,0,False
e05,economic,0,0,0,False
e05,diplomatic,0,0,0,False
e05,state,0,0,0,False
e05,society,0,0,0,False
e06,economic,1,1,0,False
e06,diplomatic,0,0,0,False
e06,state,0,0,0,False
e06,society,0,0,0,False
e07,economic,1,1,0,False
e07,diplomatic,0,0,0,False
e07,state,0,0,0,False
e07,society,0,0,0,False
e08,economic,2,2,0,False
e08,diplomatic,0,0,0,False
e08,state,-2,-2,0,False
e08,society,2,2,0,False
e09,economic,2,2,0,False
e09,diplomatic,0,0,0,False
e09,state,-2,-2,0,False
e09,society,2,2,0,False
e10,economic,0,0,0,False
e10,diplomatic,-2,-2,0,False
e10,state,-2,-2,0,False
e10,society,0,0,0,False
e11,economic,0,0,0,False
e11,diplomatic,-2,-2,0,False
e11,state,-2,-2,0,False
e11,society,0,0,0,False
e12,economic,0,0,0,False
e12,diplomatic,-1,-1,0,False
e12,state,0,0,0,False
e12,society,0,0,0,False
e13,economic,0,0,0,False
e13,diplomatic,-1,-2,-1,False
e13,state,-2,-2,0,False
e13,society,0,0,0,False
e14,economic,0,0,0,False
e14,diplomatic,0,0,0,False
e14,state,0,0,0,False
e14,society,0,0,0,False
e15,economic,0,0,0,False
e15,diplomatic,0,0,0,False
e15,state,0,0,0,False
e15,society,0,0,0,False
e16,economic,0,0,0,False
e16,diplomatic,1,1,0,False
e16,state,0,0,0,False
e16,society,0,0,0,False
e17,economic,0,0,0,False
e17,diplomatic,1,1,0,False
e17,state,0,0,0,False
e17,society,0,0,0,False
e18,economic,0,0,0,False
e18,diplomatic,2,2,0,False
e18,state,-2,-2,0,False
e18,society,2,2,0,False
e19,economic,0,0,0,False
e19,diplomatic,2,2,0,False
e19,state,0,0,0,False
e20,economic,0,0,0,False
e20,diplomatic,0,0,0,False
e20,state,-2,-2,0,False
e20,society,0,0,0,False
e21,economic,0,0,0,False
e21,diplomatic,0,0,0,False
e21,state,-2,-2,0,False
e21,society,0,0,0,False
e22,economic,0,0,0,False
e22,diplomatic,0,0,0,False
e22,state,-1,-1,0,False
e22,society,0,0,0,False
e23,economic,0,0,0,False
e23,diplomatic,0,0,0,False
e23,state,-1,-1,0,False
e23,society,0,0,0,False
e24,economic,0,0,0,False
e24,diplomatic,0,0,0,False
e24,state,0,0,0,False
e24,society,0,0,0,False
e25,economic,0,0,0,False
e25,diplomatic,0,0,0,False
e25,state,0,0,0,False
e25,society,0,0,0,False
e26,economic,1,1,0,False
e26,diplomatic,0,0,0,False
e26,state,1,1,0,False
e26,society,0,0,0,False
e27,economic,0,0,0,False
e27,diplomatic,0,0,0,False
e27,state,1,1,0,False
e27,society,1,1,0,False
e28,economic,0,0,0,False
e28,diplomatic,0,0,0,False
e28,state,2,2,0,False
e28,society,1,1,0,False
e29,economic,0,0,0,False
e29,diplomatic,0,0,0,False
e29,state,2,2,0,False
e29,society,2,2,0,False
e30,economic,0,0,0,False
e30,diplomatic,0,0,0,False
e30,state,-1,-1,0,False
e30,society,-2,-2,0,False
e31,economic,0,0,0,False
e31,diplomatic,0,0,0,False
e31,state,-1,-1,0,False
e31,society,-2,-2,0,False
e32,economic,0,0,0,False
e32,diplomatic,0,0,0,False
e32,state,1,1,0,False
e32,society,-1,-1,0,False
e33,economic,0,0,0,False
e33,diplomatic,0,0,0,False
e33,state,0,0,0,False
e33,society,-1,-1,0,False
e34,economic,0,0,0,False
e34,diplomatic,0,0,0,False
e34,state,0,0,0,False
e34,society,0,0,0,False
e35,economic,1,1,0,False
e35,diplomatic,0,0,0,False
e35,state,0,0,0,False
e35,society,0,0,0,False
e36,economic,1,1,0,False
e36,diplomatic,0,0,0,False
e36,state,1,1,0,False
e36,society,1,1,0,False
e37,economic,0,0,0,False
e37,diplomatic,0,0,0,False
e37,state,0,0,0,False
e37,society,1,1,0,False
e38,economic,0,0,0,False
e38,diplomatic,0,0,0,False
e38,state,0,0,0,False
e38,society,2,2,0,False
e39,economic,0,0,0,False
e39,diplomatic,0,0,0,False
e39,state,0,0,0,False
e39,society,2,2,0,False
