plano,arquivo,caracteres,trechos,n esperado economic,n esperado diplomatic,n esperado state,n esperado society,eixos abaixo do mínimo
Clariana Barão (DC),2026BR280002552484_01.pdf,15448,8,7,3,3,7,4
Rui Costa Pimenta (PCO),2026BR280002552487_01.pdf,15994,8,7,3,3,7,4
Edmilson Costa (PCB),2026BR280002551975_01.pdf,52085,29,25,11,9,26,2
Hertz Dias (PSTU),2026BR280002541457_01.pdf,85446,42,36,16,14,37,1
Wilson Grassi (Democrata),2026BR280002548139_01.pdf,108173,57,49,21,19,51,0
Samara Martins (UP),2026BR280002538811_01.pdf,122245,62,54,23,20,55,0
Flávio Bolsonaro (PL),2026BR280002551544_01.pdf,133274,70,61,26,23,62,0
ROMEU ZEMA (NOVO),2026BR280002539826_01.pdf,142453,71,62,27,23,63,0
Renan Santos (Missão),2026BR280002540694_01.pdf,137136,72,62,27,23,64,0
Lula (PT),2026BR280002542548_01.pdf,164219,83,72,31,27,74,0
Augusto Cury (Avante),2026BR280002551547_01.pdf,301097,153,133,57,50,136,0
Ronaldo Caiado (PSD),2026BR280002551932_01.pdf,308754,155,134,58,50,138,0
